year;name;boxOfficeId;won;twitter_mentions
2003;Monster;monster;1;147
2003;21 Grams;21grams;0;4
2003;House of Sand and Fog;houseofsandandfog;0;0
2003;Pieces of April;piecesofapril;0;0
2003;Mystic River;mysticriver;0;6
2003;Thirteen;thirteen;0;4
2003;Cold Mountain;coldmountain;1;2
2003;Girl with a Pearl Earring;girlwithapearlearring;0;0
2003;The Last Samurai;lastsamurai;0;1
2003;The Lord of the Rings: The Return of the King;returnoftheking;1;22
2003;Master and Commander: The Far Side of the World;masterandcommander;0;0
2003;Seabiscuit;seabiscuit;0;0
2003;City of God;cityofgod;0;5
2003;Cold Mountain;coldmountain;0;2
2003;Girl with a Pearl Earring;girlwithapearlearring;0;0
2003;Master and Commander: The Far Side of the World;masterandcommander;1;0
2003;Seabiscuit;seabiscuit;0;0
2003;Girl with a Pearl Earring;girlwithapearlearring;0;0
2003;The Last Samurai;lastsamurai;0;1
2003;The Lord of the Rings: The Return of the King;returnoftheking;1;22
2003;Master and Commander: The Far Side of the World;masterandcommander;0;0
2003;Seabiscuit;seabiscuit;0;0
2003;City of God;cityofgod;0;5
2003;The Lord of the Rings: The Return of the King;returnoftheking;1;22
2003;Lost in Translation;lostintranslation;0;13
2003;Master and Commander: The Far Side of the World;masterandcommander;0;0
2002;Gangs of New York;gangsofnewyork;0;13
2002;About Schmidt;aboutschmidt;0;1
2002;Adaptation;;1;25
2002;The Hours;hours;0;190
2002;Road to Perdition;roadtoperdition;0;0
2002;Chicago;chicago;0;1140
2002;Catch Me If You Can;catchmeifyoucan;0;5
2002;Frida;frida;0;313
2002;The Hours;hours;1;190
2002;Unfaithful;unfaithful;0;0
2002;Far from Heaven;;0;3
2002;Chicago;chicago;0;1140
2002;About Schmidt;aboutschmidt;0;1
2002;The Hours;hours;0;190
2002;Chicago;chicago;0;1140
2002;Adaptation;;0;25
2002;Chicago;chicago;1;1140
2002;Chicago;chicago;1;1140
2002;Frida;frida;0;313
2002;Gangs of New York;gangsofnewyork;0;13
2002;The Lord of the Rings: The Two Towers;twotowers;0;22
2002;Road to Perdition;roadtoperdition;0;0
2002;Chicago;chicago;0;1140
2002;Far from Heaven;;0;3
2002;Gangs of New York;gangsofnewyork;0;13
2002;The Pianist;pianist;0;22
2002;Road to Perdition;roadtoperdition;1;0
2002;Chicago;chicago;1;1140
2002;Frida;frida;0;313
2002;Gangs of New York;gangsofnewyork;0;13
2002;The Hours;hours;0;190
2002;The Pianist;pianist;0;22
2002;Chicago;chicago;0;1140
2002;Gangs of New York;gangsofnewyork;0;13
2002;The Hours;hours;0;190
2002;The Pianist;pianist;1;22
2002;Talk to Her;talktoher;0;3
2002;Chicago;chicago;1;1140
2002;Gangs of New York;gangsofnewyork;0;13
2002;The Hours;hours;0;190
2002;The Lord of the Rings: The Two Towers;twotowers;0;22
2002;The Pianist;pianist;0;22
2002;El Crimen del Padre Amaro;elcrimendelpadreamaro;0;0
2002;Hero;;0;3141
2002;The Man without a Past;;0;0
2002;Nowhere in Africa;nowhereinafrica;1;0
2002;Zus & Zo;zusandzo;0;0
2002;Frida;frida;1;313
2002;The Time Machine;timemachine;0;5
2002;Chicago;chicago;1;1140
2002;Gangs of New York;gangsofnewyork;0;13
2002;The Hours;hours;0;190
2002;The Lord of the Rings: The Two Towers;twotowers;0;22
2002;The Pianist;pianist;0;22
2002;Chicago;chicago;1;1140
2002;Gangs of New York;gangsofnewyork;0;13
2002;The Lord of the Rings: The Two Towers;twotowers;0;22
2002;Road to Perdition;roadtoperdition;0;0
2002;Spider-Man;spiderman;0;7
2002;The Lord of the Rings: The Two Towers;twotowers;1;22
2002;Minority Report;minorityreport;0;2
2002;Road to Perdition;roadtoperdition;0;0
2002;The Lord of the Rings: The Two Towers;twotowers;1;22
2002;Spider-Man;spiderman;0;7
2002;Star Wars Episode II Attack of the Clones;;0;0
2002;About a Boy;aboutaboy;0;1
2002;Chicago;chicago;0;1140
2002;The Hours;hours;0;190
2002;The Pianist;pianist;1;22
2002;Far from Heaven;;0;3
2002;Gangs of New York;gangsofnewyork;0;13
2002;My Big Fat Greek Wedding;mybigfatgreekwedding;0;2
2002;Talk to Her;talktoher;1;3
2002;Y Tu Mamá También;;0;1
2003;Pirates of the Caribbean: The Curse of the Black Pearl;piratesofthecaribbean;0;2
2003;House of Sand and Fog;houseofsandandfog;0;0
2003;Cold Mountain;coldmountain;0;2
2003;Lost in Translation;lostintranslation;0;13
2003;Mystic River;mysticriver;1;6
2003;The Cooler;cooler;0;12
2003;21 Grams;21grams;0;4
2003;In America;inamerica;0;94
2003;Mystic River;mysticriver;1;6
2003;The Last Samurai;lastsamurai;0;1
2003;Whale Rider;whalerider;0;0
2003;In America;inamerica;0;94
2000;Before Night Falls;beforenightfalls;0;0
2000;Gladiator;gladiator;1;50
2000;Cast Away;castaway;0;3
2000;Pollock;pollock;0;4
2000;Quills;quills;0;1
2000;The Contender;contender;0;229
2000;Shadow of the Vampire;shadowofthevampire;0;0
2000;Traffic;traffic;1;1731
2000;Erin Brockovich;erinbrockovich;0;15
2000;Gladiator;gladiator;0;50
2000;The Contender;contender;0;229
2000;Chocolat;chocolat;0;321
2000;Requiem for a Dream;requiemforadream;0;4
2000;You Can Count on Me;youcancountonme;0;0
2000;Erin Brockovich;erinbrockovich;1;15
2000;Chocolat;chocolat;0;321
2000;Pollock;pollock;1;4
2000;Almost Famous;almostfamous;0;6
2000;Almost Famous;almostfamous;0;6
2000;Billy Elliot;billyelliot;0;7
2000;Crouching Tiger, Hidden Dragon;crouchingtigerhiddendragon;1;3
2000;Gladiator;gladiator;0;50
2000;Quills;quills;0;1
2000;Vatel;vatel;0;2
2000;Crouching Tiger, Hidden Dragon;crouchingtigerhiddendragon;1;3
2000;Gladiator;gladiator;0;50
2000;Malèna;;0;0
2000;O Brother, Where Art Thou?;obrotherwhereartthou;0;0
2000;The Patriot;patriot;0;68
2000;Crouching Tiger, Hidden Dragon;crouchingtigerhiddendragon;0;3
2000;Gladiator;gladiator;1;50
2000;102 Dalmatians;102dalmatians;0;0
2000;Quills;quills;0;1
2000;Billy Elliot;billyelliot;0;7
2000;Crouching Tiger, Hidden Dragon;crouchingtigerhiddendragon;0;3
2000;Erin Brockovich;erinbrockovich;0;15
2000;Gladiator;gladiator;0;50
2000;Traffic;traffic;1;1731
2000;Almost Famous;almostfamous;0;6
2000;Crouching Tiger, Hidden Dragon;crouchingtigerhiddendragon;0;3
2000;Gladiator;gladiator;0;50
2000;Traffic;traffic;1;1731
2000;Wonder Boys;wonderboys;0;0
2000;Amores Perros;amoresperros;0;4
2000;Crouching Tiger, Hidden Dragon;crouchingtigerhiddendragon;1;3
2000;Divided We Fall;dividedwefall;0;0
2000;Everybody Famous!;;0;0
2000;The Taste of Others;tasteofothers;0;0
2000;The Cell;cell;0;263
2000;Shadow of the Vampire;shadowofthevampire;0;0
2000;Chocolat;chocolat;0;321
2000;Crouching Tiger, Hidden Dragon;crouchingtigerhiddendragon;0;3
2000;Erin Brockovich;erinbrockovich;0;15
2000;Gladiator;gladiator;1;50
2000;Traffic;traffic;0;1731
2000;Cast Away;castaway;0;3
2000;Gladiator;gladiator;1;50
2000;The Patriot;patriot;0;68
2000;The Perfect Storm;perfectstorm;0;1
2000;U-571;u-571;0;0
2000;Space Cowboys;spacecowboys;0;0
2000;U-571;u-571;1;0
2000;Gladiator;gladiator;1;50
2000;Hollow Man;hollowman;0;0
2000;The Perfect Storm;perfectstorm;0;1
2000;Chocolat;chocolat;0;321
2000;Crouching Tiger, Hidden Dragon;crouchingtigerhiddendragon;0;3
2000;O Brother, Where Art Thou?;obrotherwhereartthou;0;0
2000;Traffic;traffic;1;1731
2000;Wonder Boys;wonderboys;0;0
2000;Almost Famous;almostfamous;1;6
2000;Billy Elliot;billyelliot;0;7
2000;Erin Brockovich;erinbrockovich;0;15
2000;Gladiator;gladiator;0;50
2000;You Can Count on Me;youcancountonme;0;0
2001;A Beautiful Mind;beautifulmind;0;7
2001;I Am Sam;iamsam;0;1
2001;Ali;ali;0;5902
2001;Training Day;trainingday;1;18
2001;In the Bedroom;inthebedroom;0;1
2001;Iris;iris;1;176
2001;Training Day;trainingday;0;18
2001;Sexy Beast;sexybeast;0;0
2001;The Lord of the Rings: The Fellowship of the Ring;fellowshipofthering;0;22
2001;Ali;ali;0;5902
2001;Iris;iris;0;176
2001;Moulin Rouge;;0;19
2001;In the Bedroom;inthebedroom;0;1
2001;A Beautiful Mind;beautifulmind;1;7
2001;Gosford Park;gosfordpark;0;2
2001;Gosford Park;gosfordpark;0;2
2001;In the Bedroom;inthebedroom;0;1
2001;Iris;iris;0;176
2001;Amélie;;0;0
2001;Gosford Park;gosfordpark;0;2
2001;The Lord of the Rings: The Fellowship of the Ring;fellowshipofthering;0;22
2001;Moulin Rouge;;1;19
2001;Amélie;;0;0
2001;Black Hawk Down;blackhawkdown;0;2
2001;The Lord of the Rings: The Fellowship of the Ring;fellowshipofthering;1;22
2001;Moulin Rouge;;0;19
2001;The Affair of the Necklace;affairofthenecklace;0;0
2001;Gosford Park;gosfordpark;0;2
2001;The Lord of the Rings: The Fellowship of the Ring;fellowshipofthering;0;22
2001;Moulin Rouge;;1;19
2001;A Beautiful Mind;beautifulmind;1;7
2001;Black Hawk Down;blackhawkdown;0;2
2001;Gosford Park;gosfordpark;0;2
2001;The Lord of the Rings: The Fellowship of the Ring;fellowshipofthering;0;22
2001;Mulholland Drive;mulhollanddrive;0;1
2001;A Beautiful Mind;beautifulmind;0;7
2001;Black Hawk Down;blackhawkdown;1;2
2001;The Lord of the Rings: The Fellowship of the Ring;fellowshipofthering;0;22
2001;Memento;memento;0;6
2001;Moulin Rouge;;0;19
2001;Amélie;;0;0
2001;Elling;elling;0;211
2001;Lagaan;lagaan;0;1
2001;Son of the Bride;sonofthebride;0;0
2001;A Beautiful Mind;beautifulmind;0;7
2001;The Lord of the Rings: The Fellowship of the Ring;fellowshipofthering;1;22
2001;A Beautiful Mind;beautifulmind;1;7
2001;Gosford Park;gosfordpark;0;2
2001;In the Bedroom;inthebedroom;0;1
2001;The Lord of the Rings: The Fellowship of the Ring;fellowshipofthering;0;22
2001;Moulin Rouge;;0;19
2001;Black Hawk Down;blackhawkdown;1;2
2001;The Lord of the Rings: The Fellowship of the Ring;fellowshipofthering;0;22
2001;Pearl Harbor;pearlharbor;0;0
2001;Monsters, Inc.;monstersinc;0;0
2001;Pearl Harbor;pearlharbor;1;0
2001;A.I. Artificial Intelligence;ai;0;0
2001;The Lord of the Rings: The Fellowship of the Ring;fellowshipofthering;1;22
2001;Pearl Harbor;pearlharbor;0;0
2001;A Beautiful Mind;beautifulmind;1;7
2001;Ghost World;ghostworld;0;0
2001;In the Bedroom;inthebedroom;0;1
2001;The Lord of the Rings: The Fellowship of the Ring;fellowshipofthering;0;22
2001;Shrek;shrek;0;26
2001;Gosford Park;gosfordpark;1;2
2001;Memento;memento;0;6
2001;The Royal Tenenbaums;royaltenenbaums;0;1
2002;The Pianist;pianist;1;22
2002;Adaptation;;0;25
2002;The Quiet American;quietamerican;0;0
2003;Mystic River;mysticriver;0;6
2003;City of God;cityofgod;0;5
2003;Cold Mountain;coldmountain;0;2
2003;The Lord of the Rings: The Return of the King;returnoftheking;1;22
2003;Master and Commander: The Far Side of the World;masterandcommander;0;0
2003;Seabiscuit;seabiscuit;0;0
2003;The Barbarian Invasions;barbarianinvasions;1;0
2003;Evil;;0;261
2003;The Twilight Samurai;;0;0
2003;Twin Sisters;;0;0
2003;Zelary;zelary;0;0
2003;The Lord of the Rings: The Return of the King;returnoftheking;1;22
2003;Master and Commander: The Far Side of the World;masterandcommander;0;0
2003;Pirates of the Caribbean: The Curse of the Black Pearl;piratesofthecaribbean;0;2
2003;The Lord of the Rings: The Return of the King;returnoftheking;1;22
2003;Lost in Translation;lostintranslation;0;13
2003;Master and Commander: The Far Side of the World;masterandcommander;0;0
2003;Mystic River;mysticriver;0;6
2003;Seabiscuit;seabiscuit;0;0
2003;Finding Nemo;findingnemo;0;18
2003;Master and Commander: The Far Side of the World;masterandcommander;1;0
2003;Pirates of the Caribbean: The Curse of the Black Pearl;piratesofthecaribbean;0;2
2003;The Lord of the Rings: The Return of the King;returnoftheking;1;22
2003;Master and Commander: The Far Side of the World;masterandcommander;0;0
2003;Pirates of the Caribbean: The Curse of the Black Pearl;piratesofthecaribbean;0;2
2003;American Splendor;americansplendor;0;0
2003;City of God;cityofgod;0;5
2003;The Lord of the Rings: The Return of the King;returnoftheking;1;22
2003;Mystic River;mysticriver;0;6
2003;Seabiscuit;seabiscuit;0;0
2003;The Barbarian Invasions;barbarianinvasions;0;0
2003;Dirty Pretty Things;dirtyprettythings;0;1
2003;Finding Nemo;findingnemo;0;18
2003;In America;inamerica;0;94
2003;Lost in Translation;lostintranslation;1;13
2004;Hotel Rwanda;hotelrwanda;0;6
2004;Finding Neverland;findingneverland;0;10
2004;The Aviator;aviator;0;26
2004;Million Dollar Baby;milliondollarbaby;0;25
2004;Ray;ray;1;4174
2004;The Aviator;aviator;0;26
2004;Sideways;sideways;0;18
2004;Collateral;collateral;0;1
2004;Million Dollar Baby;milliondollarbaby;1;25
2004;Closer;closer;0;63
2004;Being Julia;beingjulia;0;0
2004;Maria Full of Grace;mariafullofgrace;0;0
2004;Vera Drake;veradrake;0;2
2004;Million Dollar Baby;milliondollarbaby;1;25
2004;Eternal Sunshine of the Spotless Mind;eternalsunshine;0;1
2004;The Aviator;aviator;1;26
2004;Kinsey;kinsey;0;2
2004;Sideways;sideways;0;18
2004;Hotel Rwanda;hotelrwanda;0;6
2004;Closer;closer;0;63
2004;The Aviator;aviator;1;26
2004;Finding Neverland;findingneverland;0;10
2004;The Phantom of the Opera;phantomoftheopera;0;2
2004;A Very Long Engagement;verylongengagement;0;0
2004;The Aviator;aviator;1;26
2004;House of Flying Daggers;houseofflyingdaggers;0;0
2004;The Passion of the Christ;passionofthechrist;0;0
2004;The Phantom of the Opera;phantomoftheopera;0;2
2004;A Very Long Engagement;verylongengagement;0;0
2004;The Aviator;aviator;1;26
2004;Finding Neverland;findingneverland;0;10
2004;Ray;ray;0;4174
2004;Troy;troy;0;262
2004;The Aviator;aviator;0;26
2004;Million Dollar Baby;milliondollarbaby;1;25
2004;Ray;ray;0;4174
2004;Sideways;sideways;0;18
2004;Vera Drake;veradrake;0;2
2004;The Aviator;aviator;1;26
2004;Collateral;collateral;0;1
2004;Finding Neverland;findingneverland;0;10
2004;Million Dollar Baby;milliondollarbaby;0;25
2004;Ray;ray;0;4174
2004;As It Is in Heaven;;0;0
2004;The Chorus (Les Choristes);;0;0
2004;Downfall;downfall;0;1
2004;The Sea Inside;seainside;1;0
2004;Yesterday;;0;232
2004;The Passion of the Christ;passionofthechrist;0;0
2004;The Sea Inside;seainside;0;0
2004;The Aviator;aviator;0;26
2004;Finding Neverland;findingneverland;0;10
2004;Million Dollar Baby;milliondollarbaby;1;25
2004;Ray;ray;0;4174
2004;Sideways;sideways;0;18
2004;The Incredibles;incredibles;1;3
2004;The Polar Express;polarexpress;0;1
2004;Spider-Man 2;spiderman2;0;1
2004;Harry Potter and the Prisoner of Azkaban;harrypotter3;0;50
2004;I, Robot;irobot;0;0
2004;Spider-Man 2;spiderman2;1;1
2004;Before Sunset;beforesunset;0;1
2004;Finding Neverland;findingneverland;0;10
2004;Million Dollar Baby;milliondollarbaby;0;25
2004;The Motorcycle Diaries;motorcyclediaries;0;0
2004;Sideways;sideways;1;18
2004;The Aviator;aviator;0;26
2004;Eternal Sunshine of the Spotless Mind;eternalsunshine;1;1
2004;Hotel Rwanda;hotelrwanda;0;6
2004;The Incredibles;incredibles;0;3
2004;Vera Drake;veradrake;0;2
2005;Capote;capote;1;174
2005;Hustle & Flow;;0;0
2005;Brokeback Mountain;brokebackmountain;0;23
2005;Walk the Line;walktheline;0;6
2005;Good Night, and Good Luck.;goodnightandgoodluck;0;0
2005;Syriana;syriana;1;5
2005;Crash;crash05;0;403
2005;Cinderella Man;cinderellaman;0;2
2005;Brokeback Mountain;brokebackmountain;0;23
2005;A History of Violence;historyofviolence;0;0
2005;Mrs. Henderson Presents;mrshendersonpresents;0;0
2005;Transamerica;transamerica;0;0
2005;Pride & Prejudice;;0;0
2005;North Country;northcountry;0;0
2005;Walk the Line;walktheline;1;6
2005;Junebug;junebug;0;0
2005;Capote;capote;0;174
2005;North Country;northcountry;0;0
2005;The Constant Gardener;constantgardener;1;0
2005;Brokeback Mountain;brokebackmountain;0;23
2005;Good Night, and Good Luck.;goodnightandgoodluck;0;0
2005;Harry Potter and the Goblet of Fire;harrypotter4;0;0
2005;King Kong;kingkong05;0;1
2005;Memoirs of a Geisha;memoirsofageisha;1;0
2005;Pride & Prejudice;;0;0
2005;Batman Begins;batmanbegins;0;0
2005;Brokeback Mountain;brokebackmountain;0;23
2005;Good Night, and Good Luck.;goodnightandgoodluck;0;0
2005;Memoirs of a Geisha;memoirsofageisha;1;0
2005;The New World;newworld;0;7
2005;Charlie and the Chocolate Factory;charliechocolate;0;2
2005;Memoirs of a Geisha;memoirsofageisha;1;0
2005;Mrs. Henderson Presents;mrshendersonpresents;0;0
2005;Pride & Prejudice;;0;0
2005;Walk the Line;walktheline;0;6
2005;Brokeback Mountain;brokebackmountain;1;23
2005;Capote;capote;0;174
2005;Crash;crash05;0;403
2005;Good Night, and Good Luck.;goodnightandgoodluck;0;0
2005;Munich;munich;0;131
2005;Cinderella Man;cinderellaman;0;2
2005;The Constant Gardener;constantgardener;0;0
2005;Crash;crash05;1;403
2005;Munich;munich;0;131
2005;Walk the Line;walktheline;0;6
2005;Joyeux Noël;;0;0
2005;Paradise Now;paradisenow;0;0
2005;Sophie Scholl - The Final Days;sophiescholl;0;0
2005;Tsotsi;tsotsi;1;0
2005;The Chronicles of Narnia: The Lion, the Witch and the Wardrobe;narnia;1;0
2005;Cinderella Man;cinderellaman;0;2
2005;Star Wars: Episode III Revenge of the Sith;;0;76
2005;Brokeback Mountain;brokebackmountain;0;23
2005;Capote;capote;0;174
2005;Crash;crash05;1;403
2005;Good Night, and Good Luck.;goodnightandgoodluck;0;0
2005;Munich;munich;0;131
2005;King Kong;kingkong05;1;1
2005;Memoirs of a Geisha;memoirsofageisha;0;0
2005;War of the Worlds;waroftheworlds;0;1
2005;The Chronicles of Narnia: The Lion, the Witch and the Wardrobe;narnia;0;0
2005;King Kong;kingkong05;1;1
2005;War of the Worlds;waroftheworlds;0;1
2005;Brokeback Mountain;brokebackmountain;1;23
2005;Capote;capote;0;174
2005;The Constant Gardener;constantgardener;0;0
2005;A History of Violence;historyofviolence;0;0
2005;Munich;munich;0;131
2005;Crash;crash05;1;403
2005;Good Night, and Good Luck.;goodnightandgoodluck;0;0
2005;Match Point;matchpoint;0;0
2005;The Squid and the Whale;squidandthewhale;0;0
2005;Syriana;syriana;0;5
2006;Blood Diamond;blooddiamond;0;12
2006;Half Nelson;halfnelson;0;2
2006;Venus;venus;0;10
2006;The Pursuit of Happyness;pursuitofhappyness;0;5
2006;The Last King of Scotland;lastkingofscotland;1;1
2006;Little Miss Sunshine;littlemisssunshine;1;6
2006;Little Children;littlechildren;0;1
2006;Blood Diamond;blooddiamond;0;12
2006;Dreamgirls;dreamgirls;0;9
2006;The Departed;departed;0;34
2006;Volver;volver;0;100
2006;Notes on a Scandal;notesonascandal;0;0
2006;The Queen;queen;1;712
2006;The Devil Wears Prada;devilwearsprada;0;2
2006;Little Children;littlechildren;0;1
2006;Babel;babel;0;40
2006;Notes on a Scandal;notesonascandal;0;0
2006;Little Miss Sunshine;littlemisssunshine;0;6
2006;Dreamgirls;dreamgirls;1;9
2006;Babel;babel;0;40
2006;Dreamgirls;dreamgirls;0;9
2006;The Good Shepherd;goodshepherd;0;0
2006;Pirates of the Caribbean: Dead Man's Chest;piratesofthecaribbean2;0;2
2006;The Prestige;prestige;0;8
2006;The Black Dahlia;blackdahlia;0;1
2006;Children of Men;childrenofmen;0;9
2006;The Illusionist;illusionist;0;0
2006;The Prestige;prestige;0;8
2006;Curse of the Golden Flower;curseofthegoldenflower;0;0
2006;The Devil Wears Prada;devilwearsprada;0;2
2006;Dreamgirls;dreamgirls;0;9
2006;Marie Antoinette;marieantoinette;1;1
2006;The Queen;queen;0;712
2006;Babel;babel;0;40
2006;The Departed;departed;1;34
2006;Letters from Iwo Jima;lettersfromiwojima;0;0
2006;The Queen;queen;0;712
2006;United 93;united93;0;0
2006;Babel;babel;0;40
2006;Blood Diamond;blooddiamond;0;12
2006;Children of Men;childrenofmen;0;9
2006;The Departed;departed;1;34
2006;United 93;united93;0;0
2006;After the Wedding;afterthewedding;0;0
2006;Days of Glory (Indigènes);;0;0
2006;The Lives of Others;livesofothers;1;0
2006;Water;water06;0;167
2006;Apocalypto;apocalypto;0;0
2006;Click;click;0;121
2006;Babel;babel;0;40
2006;The Departed;departed;1;34
2006;Letters from Iwo Jima;lettersfromiwojima;0;0
2006;Little Miss Sunshine;littlemisssunshine;0;6
2006;The Queen;queen;0;712
2006;Apocalypto;apocalypto;0;0
2006;Blood Diamond;blooddiamond;0;12
2006;Flags of Our Fathers;flagsofourfathers;0;0
2006;Letters from Iwo Jima;lettersfromiwojima;1;0
2006;Pirates of the Caribbean: Dead Man's Chest;piratesofthecaribbean2;0;2
2006;Pirates of the Caribbean: Dead Man's Chest;piratesofthecaribbean2;1;2
2006;Poseidon;poseidon;0;0
2006;Superman Returns;superman06;0;0
2006;Borat Cultural Learnings of America for Make Benefit Glorious Nation of Kazakhstan;;0;0
2006;Children of Men;childrenofmen;0;9
2006;The Departed;departed;1;34
2006;Little Children;littlechildren;0;1
2006;Notes on a Scandal;notesonascandal;0;0
2006;Babel;babel;0;40
2006;Letters from Iwo Jima;lettersfromiwojima;0;0
2006;Little Miss Sunshine;littlemisssunshine;1;6
2006;The Queen;queen;0;712
2007;Michael Clayton;michaelclayton;0;1
2007;There Will Be Blood;therewillbeblood;1;11
2007;Sweeney Todd The Demon Barber of Fleet Street;;0;0
2007;In the Valley of Elah;inthevalleyofelah;0;0
2007;Eastern Promises;easternpromises;0;1
2007;The Assassination of Jesse James by the Coward Robert Ford;jessejames;0;0
2007;No Country for Old Men;nocountryforoldmen;1;7
2007;Into the Wild;intothewild;0;1
2007;Michael Clayton;michaelclayton;0;1
2007;Elizabeth: The Golden Age;goldenage;0;56
2007;Away from Her;awayfromher;0;3
2007;La Vie en Rose;lavieenrose;1;4
2007;The Savages;savages;0;4
2007;Juno;juno;0;126
2007;American Gangster;americangangster;0;5
2007;Atonement;atonement;0;16
2007;Gone Baby Gone;gonebabygone;0;0
2007;Michael Clayton;michaelclayton;1;1
2007;American Gangster;americangangster;0;5
2007;Atonement;atonement;0;16
2007;The Golden Compass;goldencompass;0;1
2007;Sweeney Todd The Demon Barber of Fleet Street;;1;0
2007;There Will Be Blood;therewillbeblood;0;11
2007;The Assassination of Jesse James by the Coward Robert Ford;jessejames;0;0
2007;Atonement;atonement;0;16
2007;The Diving Bell and the Butterfly;divingbellandthebutterfly;0;0
2007;No Country for Old Men;nocountryforoldmen;0;7
2007;There Will Be Blood;therewillbeblood;1;11
2007;Across the Universe;acrosstheuniverse;0;0
2007;Atonement;atonement;0;16
2007;Elizabeth: The Golden Age;goldenage;1;56
2007;La Vie en Rose;lavieenrose;0;4
2007;Sweeney Todd The Demon Barber of Fleet Street;;0;0
2007;The Diving Bell and the Butterfly;divingbellandthebutterfly;0;0
2007;Juno;juno;0;126
2007;Michael Clayton;michaelclayton;0;1
2007;No Country for Old Men;nocountryforoldmen;1;7
2007;There Will Be Blood;therewillbeblood;0;11
2007;The Bourne Ultimatum;bourneultimatum;1;1
2007;The Diving Bell and the Butterfly;divingbellandthebutterfly;0;0
2007;Into the Wild;intothewild;0;1
2007;No Country for Old Men;nocountryforoldmen;0;7
2007;There Will Be Blood;therewillbeblood;0;11
2007;Beaufort;beaufort;0;0
2007;The Counterfeiters;counterfeiters;1;0
2007;Katyn;;0;1
2007;Mongol;mongol;0;7
2007;12;;0;4424
2007;La Vie en Rose;lavieenrose;1;4
2007;Norbit;norbit;0;2
2007;Pirates of the Caribbean: At World's End;piratesofthecaribbean3;0;2
2007;Atonement;atonement;0;16
2007;Juno;juno;0;126
2007;Michael Clayton;michaelclayton;0;1
2007;No Country for Old Men;nocountryforoldmen;1;7
2007;There Will Be Blood;therewillbeblood;0;11
2007;The Bourne Ultimatum;bourneultimatum;1;1
2007;No Country for Old Men;nocountryforoldmen;0;7
2007;Ratatouille;ratatouille;0;7
2007;There Will Be Blood;therewillbeblood;0;11
2007;Transformers;transformers06;0;7
2007;The Golden Compass;goldencompass;1;1
2007;Pirates of the Caribbean: At World's End;piratesofthecaribbean3;0;2
2007;Transformers;transformers06;0;7
2007;Atonement;atonement;0;16
2007;Away from Her;awayfromher;0;3
2007;The Diving Bell and the Butterfly;divingbellandthebutterfly;0;0
2007;No Country for Old Men;nocountryforoldmen;1;7
2007;There Will Be Blood;therewillbeblood;0;11
2007;Juno;juno;1;126
2007;Lars and the Real Girl;larsandtherealgirl;0;0
2007;Michael Clayton;michaelclayton;0;1
2007;Ratatouille;ratatouille;0;7
2007;The Savages;savages;0;4
2008;The Visitor;visitor08;0;14
2008;Frost/Nixon;frostnixon;0;2
2008;Milk;milk;1;250
2008;The Curious Case of Benjamin Button;curiouscaseofbenjaminbutton;0;6
2008;The Wrestler;wrestler;0;14
2008;Milk;milk;0;250
2008;Tropic Thunder;tropicthunder;0;5
2008;Doubt;doubt;0;89
2008;The Dark Knight;darkknight;1;50
2008;Revolutionary Road;revolutionaryroad;0;1
2008;Rachel Getting Married;rachelgettingmarried;0;0
2008;Changeling;changeling08;0;0
2008;Frozen River;frozenriver;0;0
2008;Doubt;doubt;0;89
2008;The Reader;reader;1;33
2008;Doubt;doubt;0;89
2008;Vicky Cristina Barcelona;vickycristinabarcelona;1;1
2008;Doubt;doubt;0;89
2008;The Curious Case of Benjamin Button;curiouscaseofbenjaminbutton;0;6
2008;The Wrestler;wrestler;0;14
2008;Changeling;changeling08;0;0
2008;The Curious Case of Benjamin Button;curiouscaseofbenjaminbutton;1;6
2008;The Dark Knight;darkknight;0;50
2008;The Duchess;duchess;0;17
2008;Revolutionary Road;revolutionaryroad;0;1
2008;Changeling;changeling08;0;0
2008;The Curious Case of Benjamin Button;curiouscaseofbenjaminbutton;0;6
2008;The Dark Knight;darkknight;0;50
2008;The Reader;reader;0;33
2008;Slumdog Millionaire;slumdogmillionaire;1;31
2008;Australia;australia;0;140
2008;The Curious Case of Benjamin Button;curiouscaseofbenjaminbutton;0;6
2008;The Duchess;duchess;1;17
2008;Milk;milk;0;250
2008;Revolutionary Road;revolutionaryroad;0;1
2008;The Curious Case of Benjamin Button;curiouscaseofbenjaminbutton;0;6
2008;Frost/Nixon;frostnixon;0;2
2008;Milk;milk;0;250
2008;The Reader;reader;0;33
2008;Slumdog Millionaire;slumdogmillionaire;1;31
2008;The Curious Case of Benjamin Button;curiouscaseofbenjaminbutton;0;6
2008;The Dark Knight;darkknight;0;50
2008;Frost/Nixon;frostnixon;0;2
2008;Milk;milk;0;250
2008;Slumdog Millionaire;slumdogmillionaire;1;31
2008;The Baader Meinhof Complex;baadermeinhofcomplex;0;0
2008;The Class;class08;0;1030
2008;Departures;departures;1;1
2008;Revanche;revanche;0;2
2008;Waltz with Bashir;waltzwithbashir;0;0
2008;The Curious Case of Benjamin Button;curiouscaseofbenjaminbutton;1;6
2008;The Dark Knight;darkknight;0;50
2008;Hellboy II: The Golden Army;hellboy2;0;0
2008;The Curious Case of Benjamin Button;curiouscaseofbenjaminbutton;0;6
2008;Frost/Nixon;frostnixon;0;2
2008;Milk;milk;0;250
2008;The Reader;reader;0;33
2008;Slumdog Millionaire;slumdogmillionaire;1;31
2008;The Dark Knight;darkknight;1;50
2008;Iron Man;ironman;0;14
2008;Slumdog Millionaire;slumdogmillionaire;0;31
2008;WALL-E;wall-e;0;8
2008;Wanted;wanted;0;212
2008;The Curious Case of Benjamin Button;curiouscaseofbenjaminbutton;1;6
2008;The Dark Knight;darkknight;0;50
2008;Iron Man;ironman;0;14
2008;The Curious Case of Benjamin Button;curiouscaseofbenjaminbutton;0;6
2008;Doubt;doubt;0;89
2008;Frost/Nixon;frostnixon;0;2
2008;The Reader;reader;0;33
2008;Slumdog Millionaire;slumdogmillionaire;1;31
2008;Frozen River;frozenriver;0;0
2008;Happy-Go-Lucky;happygolucky;0;2
2008;In Bruges;inbruges;0;1
2008;Milk;milk;1;250
2008;WALL-E;wall-e;0;8
2009;Crazy Heart;crazyheart;1;0
2009;Up in the Air;upintheair;0;16
2009;A Single Man;singleman;0;4
2009;Invictus;eastwood09;0;2
2009;The Hurt Locker;hurtlocker;0;21
2009;Invictus;eastwood09;0;2
2009;The Messenger;messenger09;0;22
2009;The Last Station;thelaststation;0;0
2009;The Lovely Bones;lovelybones;0;1
2009;Inglourious Basterds;inglouriousbasterds;1;6
2009;The Blind Side;blindside;1;28
2009;The Last Station;thelaststation;0;0
2009;An Education;aneducation;0;9
2009;Precious: Based on the Novel 'Push' by Sapphire;;0;39
2009;Julie & Julia;julieandjulia;0;0
2009;Nine;nine;0;136
2009;Up in the Air;upintheair;0;16
2009;Crazy Heart;crazyheart;0;0
2009;Up in the Air;upintheair;0;16
2009;Precious: Based on the Novel 'Push' by Sapphire;;1;39
2009;Avatar;avatar;1;109
2009;The Imaginarium of Doctor Parnassus;imaginariumofdoctorparnassus;0;0
2009;Nine;nine;0;136
2009;Sherlock Holmes;sherlockholmes;0;3
2009;The Young Victoria;youngvictoria;0;0
2009;Avatar;avatar;1;109
2009;Harry Potter and the Half-Blood Prince;harrypotter6;0;0
2009;The Hurt Locker;hurtlocker;0;21
2009;Inglourious Basterds;inglouriousbasterds;0;6
2009;The White Ribbon;whiteribbon;0;0
2009;Bright Star;brightstar;0;0
2009;Coco before Chanel;;0;0
2009;The Imaginarium of Doctor Parnassus;imaginariumofdoctorparnassus;0;0
2009;Nine;nine;0;136
2009;The Young Victoria;youngvictoria;1;0
2009;Avatar;avatar;0;109
2009;The Hurt Locker;hurtlocker;1;21
2009;Inglourious Basterds;inglouriousbasterds;0;6
2009;Precious: Based on the Novel 'Push' by Sapphire;;0;39
2009;Up in the Air;upintheair;0;16
2009;Avatar;avatar;0;109
2009;District 9;district9;0;4
2009;The Hurt Locker;hurtlocker;1;21
2009;Inglourious Basterds;inglouriousbasterds;0;6
2009;Precious: Based on the Novel 'Push' by Sapphire;;0;39
2009;Ajami;ajami;0;5
2009;The Milk of Sorrow;milkofsorrow;0;0
2009;A Prophet;;0;1
2009;The Secret in Their Eyes;secretintheireyes;1;16
2009;The White Ribbon;whiteribbon;0;0
2009;Il Divo;ildivo;0;0
2009;Star Trek;startrek11;1;15
2009;The Young Victoria;youngvictoria;0;0
2009;Avatar;avatar;0;109
2009;The Blind Side;blindside;0;28
2009;District 9;district9;0;4
2009;An Education;aneducation;0;9
2009;The Hurt Locker;hurtlocker;1;21
2009;Inglourious Basterds;inglouriousbasterds;0;6
2009;Precious: Based on the Novel 'Push' by Sapphire;;0;39
2009;A Serious Man;seriousman;0;2
2009;Up;up;0;19982
2009;Up in the Air;upintheair;0;16
2009;Avatar;avatar;0;109
2009;The Hurt Locker;hurtlocker;1;21
2009;Inglourious Basterds;inglouriousbasterds;0;6
2009;Star Trek;startrek11;0;15
2009;Up;up;0;19982
2009;Avatar;avatar;1;109
2009;District 9;district9;0;4
2009;Star Trek;startrek11;0;15
2009;District 9;district9;0;4
2009;An Education;aneducation;0;9
2009;In the Loop;intheloop;0;1
2009;Precious: Based on the Novel 'Push' by Sapphire;;1;39
2009;Up in the Air;upintheair;0;16
2009;The Hurt Locker;hurtlocker;1;21
2009;Inglourious Basterds;inglouriousbasterds;0;6
2009;The Messenger;messenger09;0;22
2009;A Serious Man;seriousman;0;2
2009;Up;up;0;19982
2010;Biutiful;biutiful;0;2
2010;True Grit;truegrit2010;0;12
2010;The Social Network;socialnetwork;0;58
2010;127 Hours;127hours;0;8
2010;The Fighter;fighter10;1;57
2010;The Town;town10;0;339
2010;The Kids Are All Right;kidsareallright;0;4
2010;The Kids Are All Right;kidsareallright;0;4
2010;Rabbit Hole;rabbithole;0;0
2010;Black Swan;blackswan;1;18
2010;Blue Valentine;bluevalentine;0;0
2010;The Fighter;fighter10;0;57
2010;The Fighter;fighter10;1;57
2010;True Grit;truegrit2010;0;12
2010;Animal Kingdom;animalkingdom;0;0
2010;Alice in Wonderland;;1;2
2010;Harry Potter and the Deathly Hallows Part 1;harrypotter7;0;0
2010;Inception;inception;0;77
2010;True Grit;truegrit2010;0;12
2010;Black Swan;blackswan;0;18
2010;Inception;inception;1;77
2010;The Social Network;socialnetwork;0;58
2010;True Grit;truegrit2010;0;12
2010;Alice in Wonderland;;1;2
2010;I Am Love;iamlove;0;0
2010;The Tempest;tempest10;0;7
2010;True Grit;truegrit2010;0;12
2010;Black Swan;blackswan;0;18
2010;The Fighter;fighter10;0;57
2010;The Social Network;socialnetwork;0;58
2010;True Grit;truegrit2010;0;12
2010;Black Swan;blackswan;0;18
2010;The Fighter;fighter10;0;57
2010;127 Hours;127hours;0;8
2010;The Social Network;socialnetwork;1;58
2010;Biutiful;biutiful;0;2
2010;Dogtooth;dogtooth;0;0
2010;In a Better World;inabetterworld;1;0
2010;Incendies;;0;0
2010;Outside the Law (Hors-la-loi);outsidethelaw;0;0
2010;The Way Back;wayback;0;14
2010;The Wolfman;wolfman;1;0
2010;Black Swan;blackswan;0;18
2010;The Fighter;fighter10;0;57
2010;Inception;inception;0;77
2010;The Kids Are All Right;kidsareallright;0;4
2010;127 Hours;127hours;0;8
2010;The Social Network;socialnetwork;0;58
2010;Toy Story 3;toystory3;0;43
2010;True Grit;truegrit2010;0;12
2010;Inception;inception;1;77
2010;Toy Story 3;toystory3;0;43
2010;Tron: Legacy;;0;513
2010;True Grit;truegrit2010;0;12
2010;Unstoppable;unstoppable;0;13
2010;Alice in Wonderland;;0;2
2010;Harry Potter and the Deathly Hallows Part 1;harrypotter7;0;0
2010;Hereafter;hereafter;0;3
2010;Inception;inception;1;77
2010;Iron Man 2;ironman2;0;1
2010;127 Hours;127hours;0;8
2010;The Social Network;socialnetwork;1;58
2010;Toy Story 3;toystory3;0;43
2010;True Grit;truegrit2010;0;12
2010;Another Year;anotheryear;0;18
2010;The Fighter;fighter10;0;57
2010;Inception;inception;0;77
2010;The Kids Are All Right;kidsareallright;0;4
2011;A Better Life;abetterlife;0;0
2011;The Descendants;descendents;0;9
2011;The Artist;artist;1;502
2011;Tinker Tailor Soldier Spy;;0;1
2011;Moneyball;moneyball;0;21
2011;My Week with Marilyn;myweekwithmarilyn;0;4
2011;Moneyball;moneyball;0;21
2011;Warrior;warrior10;0;50
2011;Beginners;beginners;1;5
2011;Extremely Loud & Incredibly Close;extremelyloud;0;0
2011;Albert Nobbs;albertnobbs;0;0
2011;The Help;help2011;0;1332
2011;The Girl with the Dragon Tattoo;girlwiththedragontattoo;0;2
2011;The Iron Lady;ironlady;1;5
2011;My Week with Marilyn;myweekwithmarilyn;0;4
2011;The Artist;artist;0;502
2011;The Help;help2011;0;1332
2011;Bridesmaids;wiigapatow;0;11
2011;Albert Nobbs;albertnobbs;0;0
2011;The Help;help2011;1;1332
2011;The Artist;artist;0;502
2011;Harry Potter and the Deathly Hallows Part 2;harrypotter72;0;0
2011;Hugo;hugocabret;1;1206
2011;Midnight in Paris;midnightinparis;0;5
2011;War Horse;warhorse;0;7
2011;The Artist;artist;0;502
2011;The Girl with the Dragon Tattoo;girlwiththedragontattoo;0;2
2011;Hugo;hugocabret;1;1206
2011;The Tree of Life;treeoflife;0;3
2011;War Horse;warhorse;0;7
2011;Anonymous;anonymous;0;33
2011;The Artist;artist;1;502
2011;Hugo;hugocabret;0;1206
2011;Jane Eyre;janeeyre2011;0;0
2011;W.E.;wemadonna;0;0
2011;The Artist;artist;1;502
2011;The Descendants;descendents;0;9
2011;Hugo;hugocabret;0;1206
2011;Midnight in Paris;midnightinparis;0;5
2011;The Tree of Life;treeoflife;0;3
2011;The Artist;artist;0;502
2011;The Descendants;descendents;0;9
2011;The Girl with the Dragon Tattoo;girlwiththedragontattoo;1;2
2011;Hugo;hugocabret;0;1206
2011;Moneyball;moneyball;0;21
2011;Bullhead;bullhead;0;0
2011;Footnote;footnote;0;2
2011;In Darkness;indarkness;0;0
2011;Monsieur Lazhar;;0;0
2011;A Separation;aseperation;1;8
2011;Albert Nobbs;albertnobbs;0;0
2011;Harry Potter and the Deathly Hallows Part 2;harrypotter72;0;0
2011;The Iron Lady;ironlady;1;5
2011;The Artist;artist;1;502
2011;The Descendants;descendents;0;9
2011;Extremely Loud & Incredibly Close;extremelyloud;0;0
2011;The Help;help2011;0;1332
2011;Hugo;hugocabret;0;1206
2011;Midnight in Paris;midnightinparis;0;5
2011;Moneyball;moneyball;0;21
2011;The Tree of Life;treeoflife;0;3
2011;War Horse;warhorse;0;7
2011;Drive;;0;444
2011;The Girl with the Dragon Tattoo;girlwiththedragontattoo;0;2
2011;Hugo;hugocabret;1;1206
2011;Transformers: Dark of the Moon;transformers3;0;7
2011;War Horse;warhorse;0;7
2011;Harry Potter and the Deathly Hallows Part 2;harrypotter72;0;0
2011;Hugo;hugocabret;1;1206
2011;Real Steel;realsteel;0;1
2011;Rise of the Planet of the Apes;riseoftheapes;0;0
2011;Transformers: Dark of the Moon;transformers3;0;7
2011;The Descendants;descendents;1;9
2011;Hugo;hugocabret;0;1206
2011;The Ides of March;idesofmarch;0;0
2011;Moneyball;moneyball;0;21
2011;Tinker Tailor Soldier Spy;;0;1
2011;The Artist;artist;0;502
2011;Bridesmaids;wiigapatow;0;11
2011;Margin Call;margincall;0;0
2011;Midnight in Paris;midnightinparis;1;5
2011;A Separation;aseperation;0;8
2012;Silver Linings Playbook;silverliningsplaybook;0;147
2012;Lincoln;lincoln;1;650
2012;Les Misérables;;0;24
2012;The Master;themaster;0;261
2012;Flight;flight;0;393
2012;Argo;argo;0;1214
2012;Silver Linings Playbook;silverliningsplaybook;0;147
2012;The Master;themaster;0;261
2012;Lincoln;lincoln;0;650
2012;Django Unchained;djangounchained;1;92
2012;Zero Dark Thirty;binladen;0;93
2012;Silver Linings Playbook;silverliningsplaybook;1;147
2012;Amour;amour;0;262
2012;Beasts of the Southern Wild;beastsofthesouthernwild;0;30
2012;The Impossible;impossible;0;35
2012;The Master;themaster;0;261
2012;Lincoln;lincoln;0;650
2012;Les Misérables;;1;24
2012;The Sessions;sixsessions;0;54
2012;Silver Linings Playbook;silverliningsplaybook;0;147
2012;Anna Karenina;annakarenina2012;0;7
2012;Django Unchained;djangounchained;0;92
2012;Life of Pi;lifeofpi;1;134
2012;Lincoln;lincoln;0;650
2012;Skyfall;bond23;0;34
2012;Anna Karenina;annakarenina2012;1;7
2012;Les Misérables;;0;24
2012;Lincoln;lincoln;0;650
2012;Mirror Mirror;untitledsnowwhite;0;1
2012;Snow White and the Huntsman;snowwhiteandthehuntsman;0;0
2012;Amour;amour;0;262
2012;Beasts of the Southern Wild;beastsofthesouthernwild;0;30
2012;Life of Pi;lifeofpi;1;134
2012;Lincoln;lincoln;0;650
2012;Silver Linings Playbook;silverliningsplaybook;0;147
2012;Argo;argo;1;1214
2012;Life of Pi;lifeofpi;0;134
2012;Lincoln;lincoln;0;650
2012;Silver Linings Playbook;silverliningsplaybook;0;147
2012;Zero Dark Thirty;binladen;0;93
2012;Amour;amour;1;262
2012;Kon-Tiki;kontiki;0;1
2012;No;;0;46731
2012;A Royal Affair;aroyalaffair;0;1
2012;War Witch;warwitch;0;0
2012;Amour;amour;0;262
2012;Argo;argo;1;1214
2012;Beasts of the Southern Wild;beastsofthesouthernwild;0;30
2012;Django Unchained;djangounchained;0;92
2012;Les Misérables;;0;24
2012;Life of Pi;lifeofpi;0;134
2012;Lincoln;lincoln;0;650
2012;Silver Linings Playbook;silverliningsplaybook;0;147
2012;Zero Dark Thirty;binladen;0;93
2012;Argo;argo;0;1214
2012;Django Unchained;djangounchained;0;92
2012;Life of Pi;lifeofpi;0;134
2012;Skyfall;bond23;1;34
2012;Zero Dark Thirty;binladen;1;93
2012;The Hobbit: An Unexpected Journey;hobbit;0;85
2012;Life of Pi;lifeofpi;1;134
2012;Prometheus;prometheus;0;1
2012;Snow White and the Huntsman;snowwhiteandthehuntsman;0;0
2012;Argo;argo;1;1214
2012;Beasts of the Southern Wild;beastsofthesouthernwild;0;30
2012;Life of Pi;lifeofpi;0;134
2012;Lincoln;lincoln;0;650
2012;Silver Linings Playbook;silverliningsplaybook;0;147
2012;Amour;amour;0;262
2012;Django Unchained;djangounchained;1;92
2012;Flight;flight;0;393
2012;Moonrise Kingdom;moonrisekingdom;0;9
2012;Zero Dark Thirty;binladen;0;93
2013;American Hustle;davido2013;0;928
2013;Nebraska;nebraska;0;390
2013;The Wolf of Wall Street;wolfofwallstreet;0;548
2013;12 Years a Slave;twelveyearsaslave;0;1714
2013;Dallas Buyers Club;dallasbuyersclub;1;1269
2013;Captain Phillips;captainphillips;0;274
2013;American Hustle;davido2013;0;928
2013;12 Years a Slave;twelveyearsaslave;0;1714
2013;The Wolf of Wall Street;wolfofwallstreet;0;548
2013;Dallas Buyers Club;dallasbuyersclub;1;1269
2013;American Hustle;davido2013;0;928
2013;Blue Jasmine;bluejasmine;1;411
2013;Gravity;gravity;0;6252
2013;Philomena;philomena;0;258
2013;August: Osage County;augustosagecounty;0;183
2013;Blue Jasmine;bluejasmine;0;411
2013;American Hustle;davido2013;0;928
2013;12 Years a Slave;twelveyearsaslave;1;1714
2013;August: Osage County;augustosagecounty;0;183
2013;Nebraska;nebraska;0;390
2013;The Grandmaster;grandmasters;0;6
2013;Gravity;gravity;1;6252
2013;Inside Llewyn Davis;insidellewyndavis;0;43
2013;Nebraska;nebraska;0;390
2013;Prisoners;prisoners;0;41
2013;American Hustle;davido2013;0;928
2013;The Grandmaster;grandmasters;0;6
2013;The Great Gatsby;;1;78
2013;The Invisible Woman;invisiblewoman;0;1
2013;12 Years a Slave;twelveyearsaslave;0;1714
2013;American Hustle;davido2013;0;928
2013;Gravity;gravity;1;6252
2013;Nebraska;nebraska;0;390
2013;12 Years a Slave;twelveyearsaslave;0;1714
2013;The Wolf of Wall Street;wolfofwallstreet;0;548
2013;American Hustle;davido2013;0;928
2013;Captain Phillips;captainphillips;0;274
2013;Dallas Buyers Club;dallasbuyersclub;0;1269
2013;Gravity;gravity;1;6252
2013;12 Years a Slave;twelveyearsaslave;0;1714
2013;The Broken Circle Breakdown;;0;4
2013;The Great Beauty;greatbeauty;1;21
2013;The Hunt;hunt2013;0;260
2013;The Missing Picture;missingpicture;0;0
2013;Omar;omar;0;651
2013;American Hustle;davido2013;0;928
2013;Captain Phillips;captainphillips;0;274
2013;Dallas Buyers Club;dallasbuyersclub;0;1269
2013;Gravity;gravity;0;6252
2013;Nebraska;nebraska;0;390
2013;Philomena;philomena;0;258
2013;12 Years a Slave;twelveyearsaslave;1;1714
2013;The Wolf of Wall Street;wolfofwallstreet;0;548
2013;All Is Lost;allislost;0;9
2013;Captain Phillips;captainphillips;0;274
2013;Gravity;gravity;1;6252
2013;The Hobbit: The Desolation of Smaug;hobbit2;0;85
2013;Lone Survivor;lonesurvivor;0;10
2013;Gravity;gravity;1;6252
2013;The Hobbit: The Desolation of Smaug;hobbit2;0;85
2013;Iron Man 3;ironman3;0;10
2013;The Lone Ranger;loneranger;0;11
2013;Star Trek Into Darkness;startrek12;0;6
2013;Before Midnight;beforemidnight;0;17
2013;Captain Phillips;captainphillips;0;274
2013;Philomena;philomena;0;258
2013;12 Years a Slave;twelveyearsaslave;1;1714
2013;The Wolf of Wall Street;wolfofwallstreet;0;548
2013;American Hustle;davido2013;0;928
2013;Blue Jasmine;bluejasmine;0;411
2013;Dallas Buyers Club;dallasbuyersclub;0;1269
2013;Nebraska;nebraska;0;390
2014;Foxcatcher;foxcatcher;0;220
2014;American Sniper;americansniper;0;1140
2014;The Imitation Game;imitationgame;0;613
2014;Birdman or (The Unexpected Virtue of Ignorance);;0;0
2014;The Theory of Everything;theoryofeverything;1;488
2014;The Judge;judge;0;188
2014;Boyhood;boyhood;0;1896
2014;Birdman or (The Unexpected Virtue of Ignorance);;0;0
2014;Foxcatcher;foxcatcher;0;220
2014;Whiplash;whiplash;1;1443
2014;Two Days, One Night;twodaysonenight;0;20
2014;The Theory of Everything;theoryofeverything;0;488
2014;Still Alice;stillalice;1;310
2014;Gone Girl;gonegirl;0;137
2014;Wild;;0;2986
2014;Boyhood;boyhood;1;1896
2014;Wild;;0;2986
2014;The Imitation Game;imitationgame;0;613
2014;Birdman or (The Unexpected Virtue of Ignorance);;0;0
2014;Into the Woods;intothewoods;0;22
2014;Birdman or (The Unexpected Virtue of Ignorance);;1;0
2014;The Grand Budapest Hotel;grandbudapesthotel;0;704
2014;Ida;ida;0;5163
2014;Mr. Turner;mrturner;0;2
2014;Unbroken;unbroken;0;58
2014;The Grand Budapest Hotel;grandbudapesthotel;1;704
2014;Inherent Vice;inherentvice;0;7
2014;Into the Woods;intothewoods;0;22
2014;Maleficent;maleficient;0;19
2014;Mr. Turner;mrturner;0;2
2014;Birdman or (The Unexpected Virtue of Ignorance);;1;0
2014;Boyhood;boyhood;0;1896
2014;Foxcatcher;foxcatcher;0;220
2014;The Grand Budapest Hotel;grandbudapesthotel;0;704
2014;The Imitation Game;imitationgame;0;613
2014;American Sniper;americansniper;0;1140
2014;Boyhood;boyhood;0;1896
2014;The Grand Budapest Hotel;grandbudapesthotel;0;704
2014;The Imitation Game;imitationgame;0;613
2014;Whiplash;whiplash;1;1443
2014;Ida;ida;1;5163
2014;Leviathan;;0;6
2014;Tangerines;tangerines;0;3
2014;Timbuktu;timbuktu;0;7
2014;Wild Tales;wildtales;0;6
2014;American Sniper;americansniper;0;1140
2014;Birdman or (The Unexpected Virtue of Ignorance);;1;0
2014;Boyhood;boyhood;0;1896
2014;The Grand Budapest Hotel;grandbudapesthotel;0;704
2014;The Imitation Game;imitationgame;0;613
2014;Selma;selma;0;1771
2014;The Theory of Everything;theoryofeverything;0;488
2014;Whiplash;whiplash;0;1443
2014;American Sniper;americansniper;1;1140
2014;Birdman or (The Unexpected Virtue of Ignorance);;0;0
2014;The Hobbit: The Battle of the Five Armies;hobbit3;0;85
2014;Interstellar;interstellar;0;259
2014;Unbroken;unbroken;0;58
2014;Captain America: The Winter Soldier;marvel14b;0;10
2014;Dawn of the Planet of the Apes;dawnoftheapes;0;7
2014;Guardians of the Galaxy;marvel2014a;0;12
2014;Interstellar;interstellar;1;259
2014;X-Men: Days of Future Past;xmen2014;0;35
2014;American Sniper;americansniper;0;1140
2014;The Imitation Game;imitationgame;1;613
2014;Inherent Vice;inherentvice;0;7
2014;The Theory of Everything;theoryofeverything;0;488
2014;Whiplash;whiplash;0;1443
2014;Birdman or (The Unexpected Virtue of Ignorance);;1;0
2014;Boyhood;boyhood;0;1896
2014;Foxcatcher;foxcatcher;0;220
2014;The Grand Budapest Hotel;grandbudapesthotel;0;704
2014;Nightcrawler;nightcrawlers;0;96
2013;Her;;0;29911
2013;Her;;1;29911
2001;Moulin Rouge;;0;19
2001;Moulin Rouge;;0;19
2001;Amélie;;0;0
2001;Amélie;;0;0
2002;Adaptation;;0;25